Group,Title,Link,Summary,Date
biotechnology,Kidney Disease in Cats: High-Quality Feline iPSCs Generated Without Genetic Footprint,https://www.sciencedaily.com/releases/2024/09/240904131010.htm,,2024-09-04 00:00:00
biotechnology,New Species of Paua (Abalone) Found,https://www.sciencedaily.com/releases/2024/09/240903170750.htm,High-quality feline induced pluripotent stem cells (iPSCs) have now been generated. The feline iPSCs are also footprint- and feeder-free. Further research using these stem cells is expected to ...,2024-09-03 00:00:00
biotechnology,Blood Stem Cell Breakthrough Could Transform Bone Marrow Transplants,https://www.sciencedaily.com/releases/2024/09/240902111756.htm,,2024-09-02 00:00:00
biotechnology,Agriculture Accelerated Human Genome Evolution to Capture Energy from Starchy Foods,https://www.sciencedaily.com/releases/2024/09/240904141503.htm,Biologists have discovered a new species of paua mollusk (also known as abalone) off New ...,2024-09-04 00:00:00
biotechnology,Newly Discovered Gene May Influence Longevity,https://www.sciencedaily.com/releases/2024/09/240904130839.htm,,2024-09-04 00:00:00
biotechnology,Novel Immunotherapy Improves Recovery from Spinal Cord Injury,https://www.sciencedaily.com/releases/2024/09/240904130812.htm,Researchers have made a world first breakthrough into creating blood stem cells that closely resemble those in the human body. And the discovery could soon lead to personalized treatments for children with leukemia and bone marrow failure ...,2024-09-04 00:00:00
biotechnology,New Species of Antarctic Dragonfish Highlights Its Threatened Ecosystem,https://www.sciencedaily.com/releases/2024/08/240830164202.htm,,2024-08-30 00:00:00
biotechnology,Open Wide: Human Mouth Bacteria Reproduce Through Rare Form of Cell Division,https://www.sciencedaily.com/releases/2024/09/240902200805.htm,"Scientists have suspected that modern humans have more genes to digest starch than our hunter-gatherer ancestors, but the amylase locus of the genome is hard to study. Researchers have now developed ...",2024-09-02 00:00:00
biotechnology,AI Tool Maps out Cell Metabolism With Precision,https://www.sciencedaily.com/releases/2024/08/240830110750.htm,,2024-08-30 00:00:00
biotechnology,Genomic Dark Matter Solves Butterfly Evolutionary Riddle,https://www.sciencedaily.com/releases/2024/08/240830164205.htm,"It turns out that a particular gene has a great influence on longevity, a new study concludes. This may pave the way for new ...",2024-08-30 00:00:00
biotechnology,Seeing the Future: Zebrafish Regenerates Fully Functional Photoreceptor Cells and Restores Its Vision,https://www.sciencedaily.com/releases/2024/08/240829132448.htm,,2024-08-29 00:00:00
biotechnology,Upcycling Excess Carbon Dioxide With Tiny Microbes,https://www.sciencedaily.com/releases/2024/08/240830110911.htm,"Researchers have designed, in mice, an approach to minimizing the damage from a spinal cord injury through the use of engineered immune cells. Mice given the treatment had improved recovery from ...",2024-08-30 00:00:00
biotechnology,How Cells Use Condensation to Seal Tissues Tight,https://www.sciencedaily.com/releases/2024/08/240829132451.htm,,2024-08-29 00:00:00
biotechnology,How Beetle Juice Led to the Discovery of a Virus and Solved the Mystery of a Superworm Die-Off,https://www.sciencedaily.com/releases/2024/08/240828224243.htm,"A new species of Antarctic dragonfish, Akarotaxis gouldae or Banded Dragonfish, has been discovered in waters off the western Antarctic Peninsula. The species, named in honor of the recently ...",2024-08-28 00:00:00
biotechnology,'Silent' Mutations Found to Have Repercussions Beyond Their Own Gene,https://www.sciencedaily.com/releases/2024/08/240828155006.htm,,2024-08-28 00:00:00
biotechnology,Bacterial Cells Transmit Memories to Offspring,https://www.sciencedaily.com/releases/2024/08/240828154929.htm,"New research has uncovered an extraordinary mechanism of cell division in Corynebacterium matruchotii, one of the most common bacteria living in ...",2024-08-28 00:00:00
biotechnology,Moths May Use Disco Gene to Regulate Day/night Cycles,https://www.sciencedaily.com/releases/2024/08/240828114435.htm,,2024-08-28 00:00:00
biotechnology,This New Technique for Studying Cell Receptors Could Have Sweeping Implications for Drug Development,https://www.sciencedaily.com/releases/2024/08/240827140732.htm,"Scientists have developed an AI tool that creates detailed models of cellular metabolism, making it easier to understand how cells ...",2024-08-27 00:00:00
biotechnology,"Scientists Use Evolution to Bioengineer New Pathways to Sustainable Energy, Pharmaceuticals",https://www.sciencedaily.com/releases/2024/08/240826182926.htm,,2024-08-26 00:00:00
biotechnology,"Mapping the Sex Life of Malaria Parasites at Single Cell Resolution, Reveals the Genetics Underlying Malaria Transmission",https://www.sciencedaily.com/releases/2024/08/240826131230.htm,"Researchers have uncovered a surprising genetic mechanism that influences the vibrant and complex patterns on butterfly wings. The team discovered that an RNA molecule, rather than a protein as ...",2024-08-26 00:00:00
biotechnology,Revealing DNA Behavior in Record Time,https://www.sciencedaily.com/releases/2024/08/240822142622.htm,,2024-08-22 00:00:00
biotechnology,Creature the Size of a Dust Grain Found Hiding in California's Mono Lake,https://www.sciencedaily.com/releases/2024/08/240822142619.htm,"Blinding diseases lead to permanent vision loss by damaging photoreceptor cells, which humans cannot naturally regenerate. While researchers are ...",2024-08-22 00:00:00
biotechnology,Engineers Design Lookalike Drug Carrier to Evade Lung's Lines of Defense,https://www.sciencedaily.com/releases/2024/08/240822142612.htm,,2024-08-22 00:00:00
biotechnology,"Next Time You Beat a Virus, Thank Your Microbial Ancestors",https://www.sciencedaily.com/releases/2024/08/240821164635.htm,"While some microbes can make people sick or spoil food, others are critical for survival. These tiny organisms can also be engineered to make specific molecules. Researchers have rewired one such ...",2024-08-21 00:00:00
biotechnology,Life from a Drop of Rain: New Research Suggests Rainwater Helped Form the First Protocell Walls,https://www.sciencedaily.com/releases/2024/08/240821150020.htm,,2024-08-21 00:00:00
biotechnology,'DNA Scavengers' Can Stop Some Antibiotic Resistance from Spreading,https://www.sciencedaily.com/releases/2024/08/240821124310.htm,Our bodies and organs are shielded from the external environment by tissue barriers like the skin. These barriers must be tightly sealed to prevent unwanted substances from entering. This sealing is ...,2024-08-21 00:00:00
biotechnology,Engineered Bacteria Make Thermally Stable Plastics Similar to Polystyrene and PET,https://www.sciencedaily.com/releases/2024/08/240821124256.htm,,2024-08-21 00:00:00
biotechnology,Benefits and Downside of Fasting,https://www.sciencedaily.com/releases/2024/08/240821124252.htm,"Scientists have discovered a virus that caused a nationwide die-off of superworms, a common food for birds, reptiles, other pets and, more and more ...",2024-08-21 00:00:00
biotechnology,Surprising Mechanism for Removing Dead Cells Identified,https://www.sciencedaily.com/releases/2024/08/240821124204.htm,,2024-08-21 00:00:00
biotechnology,Researchers Teaching Artificial Intelligence About Frustration in Protein Folding,https://www.sciencedaily.com/releases/2024/08/240820221828.htm,Researchers are adding new evidence to the emerging concept that 'silent' or synonymous mutations may have crucial consequences. Their study showed how a synonymous mutation in one gene can ...,2024-08-20 00:00:00
biotechnology,New Worm Study Paves Way for Better RNA-Based Drugs to Treat Human Disease,https://www.sciencedaily.com/releases/2024/08/240820124520.htm,,2024-08-20 00:00:00
biotechnology,Deadly Sea Snail Toxin Could Be Key to Making Better Medicines,https://www.sciencedaily.com/releases/2024/08/240820124511.htm,"Bacterial cells can 'remember' brief, temporary changes to their bodies and immediate surroundings, a new study has found. And, although these changes are not encoded in the cell's ...",2024-08-20 00:00:00
biotechnology,Scientists Discover New Code Governing Gene Activity,https://www.sciencedaily.com/releases/2024/08/240820124448.htm,,2024-08-20 00:00:00
biotechnology,Researchers Uncover the Secrets of 'Plant Puberty',https://www.sciencedaily.com/releases/2024/08/240820124437.htm,How does one species become two? A new study shows what happens when individuals of a moth species become separated in ...,2024-08-20 00:00:00
biology,Investigational Mpox mRNA Vaccine Reduces Disease Severity in Primates Compared to Available Vaccines,https://www.sciencedaily.com/releases/2024/09/240904130825.htm,High-quality feline induced pluripotent stem cells (iPSCs) have now been generated. The feline iPSCs are also footprint- and feeder-free. Further research using these stem cells is expected to ...,2024-09-04 00:00:00
biology,At-Risk Butterflies More Likely to Survive With Human Help,https://www.sciencedaily.com/releases/2024/09/240904131019.htm,,2024-09-04 00:00:00
biology,Mathematicians Model a Puzzling Breakdown in Cooperative Behavior,https://www.sciencedaily.com/releases/2024/09/240903144912.htm,Biologists have discovered a new species of paua mollusk (also known as abalone) off New ...,2024-09-03 00:00:00
biology,How Zebrafish Map Their Environment,https://www.sciencedaily.com/releases/2024/09/240903144910.htm,,2024-09-03 00:00:00
biology,"Researchers Identify Mechanism Underlying Allergic Itching, and Show It Can Be Blocked",https://www.sciencedaily.com/releases/2024/09/240904131044.htm,,2024-09-04 00:00:00
biology,Infertility Challenges Amongst Endangered Wild Songbird Population Revealed in New Study,https://www.sciencedaily.com/releases/2024/09/240903144854.htm,"A model developed by evolutionary mathematicians shows that as conditions for cooperation improve between two species, mutually beneficial behavior can unexpectedly become unbalanced. Cooperative ...",2024-09-03 00:00:00
biology,50-Year Generation Gap in Minnesota's Longest-Lived Fish,https://www.sciencedaily.com/releases/2024/09/240903144838.htm,,2024-09-03 00:00:00
biology,Researchers Give Adult Zebra Finches Back Their Ability to Learn New Songs,https://www.sciencedaily.com/releases/2024/09/240903144452.htm,"Scientists have suspected that modern humans have more genes to digest starch than our hunter-gatherer ancestors, but the amylase locus of the genome ...",2024-09-03 00:00:00
biology,TB Under the Sea: A Marine Sponge Microbe Provides Insights Into the Evolution of Tuberculosis,https://www.sciencedaily.com/releases/2024/08/240829140836.htm,"It turns out that a particular gene has a great influence on longevity, a new study concludes. This may pave the way for new ...",2024-08-30 00:00:00
biology,"Number of Fish Species at Risk of Extinction Fivefold Higher Than Previous Estimates, According to a New Prediction",https://www.sciencedaily.com/releases/2024/08/240829140816.htm,,2024-08-29 00:00:00
biology,Scientists Discover How Starfish Get 'Legless',https://www.sciencedaily.com/releases/2024/08/240829132542.htm,"Researchers have designed, in mice, an approach to minimizing the damage from a spinal cord injury through the use of engineered immune cells. Mice given the treatment had improved recovery from ...",2024-08-29 00:00:00
biology,A Groundbreaking Study Describes a New Molecular Pathway Involved in the Control of Reproduction,https://www.sciencedaily.com/releases/2024/08/240829132506.htm,,2024-08-29 00:00:00
biology,Land-Sea 'Tag-Team' Devastated Ocean Life Millions of Years Ago Reveal Scientists,https://www.sciencedaily.com/releases/2024/08/240829132440.htm,"A new species of Antarctic dragonfish, Akarotaxis gouldae or Banded Dragonfish, has been discovered in waters off the western Antarctic Peninsula. The species, named in honor of the recently ...",2024-08-29 00:00:00
biology,Climate Change Increases Foodborne Illness Risk from Raw Produce,https://www.sciencedaily.com/releases/2024/08/240829132359.htm,,2024-08-29 00:00:00
biology,What's in the Microbiome of the Foods We Eat?,https://www.sciencedaily.com/releases/2024/08/240829131620.htm,"New research has uncovered an extraordinary mechanism of cell division in Corynebacterium matruchotii, one of the most common bacteria living in ...",2024-08-29 00:00:00
biology,Plant Signaling Pathways Decoded,https://www.sciencedaily.com/releases/2024/08/240828155037.htm,"The bigmouth buffalo is a fish that's native to Minnesota and known for its longevity. Researchers wanted to find out more about the species, especially how they migrate, spawn, and how often ...",2024-08-28 00:00:00
biology,"Study Reveals Isolation, Endogamy and Pathogens in Early Medieval Spanish Community",https://www.sciencedaily.com/releases/2024/08/240828154921.htm,,2024-08-28 00:00:00
biology,Bats Are Surviving and Thriving on Nothing but Sugar,https://www.sciencedaily.com/releases/2024/08/240828114412.htm,"Researchers have uncovered a surprising genetic mechanism that influences the vibrant and complex patterns on butterfly wings. The team discovered that an RNA molecule, rather than a protein as ...",2024-08-28 00:00:00
behavior,Rein Tension May Affect Horse Behavior,https://www.sciencedaily.com/releases/2024/09/240903144416.htm,,2024-09-03 00:00:00
behavior,New Discoveries About How Mosquitoes Mate May Help the Fight Against Malaria,https://www.sciencedaily.com/releases/2024/08/240830110719.htm,"High rein tension was found to be associated with trotters opening their mouths, which indicates pain or discomfort in the ...",2024-08-30 00:00:00
behavior,Life After (Feigned) Death,https://www.sciencedaily.com/releases/2024/08/240822142633.htm,"An international team has uncovered surprising details about mosquito mating, which could lead to improved malaria control techniques and even help develop precision drone flight. The team revealed ...",2024-08-22 00:00:00
behavior,Love Is Blind for Male Fruit Flies Who Will Choose Sex Over Safety,https://www.sciencedaily.com/releases/2024/08/240828114343.htm,,2024-08-28 00:00:00
behavior,Colorful Traits in Primates Ease Tensions Between Groups,https://www.sciencedaily.com/releases/2024/08/240822222612.htm,Researchers have made a groundbreaking discovery about how sea stars (commonly known as starfish) manage to survive predatory attacks by shedding their own limbs. The team has identified a neurohormone responsible for triggering this remarkable feat ...,2024-08-22 00:00:00
behavior,The Power of Face Time: Insights from Zebra Finch Courtship,https://www.sciencedaily.com/releases/2024/08/240821124320.htm,,2024-08-21 00:00:00
behavior,Humpbacks Are Among Animals Who Manufacture and Wield Tools,https://www.sciencedaily.com/releases/2024/08/240820221814.htm,A new study has revealed what animals do after they have feigned death in order to avoid being killed by a predator and what the context of this behavior ...,2024-08-20 00:00:00
behavior,Knocking out One Key Gene Leads to Autistic Traits,https://www.sciencedaily.com/releases/2024/08/240816173919.htm,,2024-08-16 00:00:00
behavior,"Low Cortisol, Hair-Trigger Stress Response in the Brain May Underlie Long COVID",https://www.sciencedaily.com/releases/2024/08/240819130640.htm,Male fruit flies will become oblivious to physical danger as they become more engaged in courtship and ...,2024-08-19 00:00:00
behavior,Scientists Condition Crocodiles to Avoid Killer Cane Toads,https://www.sciencedaily.com/releases/2024/08/240813192337.htm,,2024-08-13 00:00:00
behavior,Probiotics During Pregnancy Shown to Help Moms and Babies,https://www.sciencedaily.com/releases/2024/08/240815163632.htm,"Primate ornamentation plays a crucial role in communication not only within social groups but also between them, according to a new study. The research reveals that the males of species with ...",2024-08-15 00:00:00
behavior,Taking a 'One in a Million' Shot to Tackle Dopamine-Linked Brain Disorders,https://www.sciencedaily.com/releases/2024/08/240812123230.htm,,2024-08-12 00:00:00
behavior,Parents' Eating Behavior Influences How Their Children Respond to Food,https://www.sciencedaily.com/releases/2024/08/240812123238.htm,"A new study on songbirds sheds light on the power of social interaction to facilitate learning, insights that potentially apply to human development. Researchers discovered that zebra finches ...",2024-08-12 00:00:00
behavior,Long-Distance Relationship Revealed in the Seemingly Random Behavior of Bowhead Whales,https://www.sciencedaily.com/releases/2024/08/240811233247.htm,,2024-08-11 00:00:00
behavior,A New Mechanism for Shaping Animal Tissues,https://www.sciencedaily.com/releases/2024/08/240811233327.htm,"Researchers suggest a new designation of the humpback whales they study: tool wielders. Researchers have known that humpback whales create ""bubble-nets"" to hunt, but they have learned that the ...",2024-08-11 00:00:00
behavior,"Researchers Outline Promises, Challenges of Understanding AI for Biological Discovery",https://www.sciencedaily.com/releases/2024/08/240809135654.htm,,2024-08-09 00:00:00
behavior,Studying How Serotonin Alters Locust's Sense of Smell,https://www.sciencedaily.com/releases/2024/08/240807225706.htm,"Hyperactivity, repetitive behavior, and language deficits all appeared in the mice, highlighting an unexpected role the cerebellum seems to play in ...",2024-08-07 00:00:00
behavior,Mix of Factors Prompts Owl Monkeys to Leave Their Parents,https://www.sciencedaily.com/releases/2024/08/240807225655.htm,,2024-08-07 00:00:00
behavior,Flamingos Don't Preen More Than Other Waterbirds,https://www.sciencedaily.com/releases/2024/08/240802132857.htm,"A new animal study shows that exposure to immune-stimulating proteins left behind by COVID-19 leads to lower cortisol, brain inflammation and a ...",2024-08-02 00:00:00
behavior,Fetal Brain Impacted When Mom Fights Severe Flu: New Mouse Study Explains How,https://www.sciencedaily.com/releases/2024/07/240729173408.htm,,2024-07-29 00:00:00
behavior,"New Understanding of Fly Behavior Has Potential Application in Robotics, Public Safety",https://www.sciencedaily.com/releases/2024/07/240726113422.htm,Scientists have trialled a new way to protect freshwater crocodiles from deadly invasive cane toads spreading across northern ...,2024-07-26 00:00:00
behavior,Exploring Consciousness With Eureka Moments,https://www.sciencedaily.com/releases/2024/07/240725154752.htm,,2024-07-25 00:00:00
behavior,Researchers Record Images and Data of a Shark Experiencing a Boat Strike,https://www.sciencedaily.com/releases/2024/07/240724123103.htm,Giving probiotics to pregnant mice can enhance both the immune system and behavior of the mothers and their ...,2024-07-24 00:00:00
behavior,"Fruit Fly Post-Mating Behavior Controlled by Male-Derived Peptide Via Command Neurons, Study Finds",https://www.sciencedaily.com/releases/2024/07/240723123326.htm,,2024-07-23 00:00:00
behavior,Controlling Mosquito Populations Through Genetic Breeding,https://www.sciencedaily.com/releases/2024/07/240722155107.htm,"With the help of a tiny, transparent worm called Caenorhabditis elegans, researchers have identified novel players in dopamine signaling by taking advantage of a powerful platform generated via the ...",2024-07-22 00:00:00
behavior,Male Elephants Signal 'Let's Go' With Deep Rumbles,https://www.sciencedaily.com/releases/2024/07/240722155043.htm,,2024-07-22 00:00:00
behavior,Birds Need Entertainment During Avian Flu Lockdowns,https://www.sciencedaily.com/releases/2024/07/240722155036.htm,"Young children often display similar eating behavior as their parents, with a parent's own eating style influencing how they feed their ...",2024-07-22 00:00:00
behavior,The Courtship of Leopard Seals Off the Coast of South America,https://www.sciencedaily.com/releases/2024/07/240717204056.htm,,2024-07-17 00:00:00
behavior,Introducing Co-Cultures: When Co-Habiting Animal Species Share Culture,https://www.sciencedaily.com/releases/2024/07/240711132154.htm,Applying chaos theory to the movement of iconic arctic whales uncovered a 24-hour diving cycle and a long-range (~100 km) ...,2024-07-11 00:00:00
behavior,Researchers Find Biological Clues to Mental Health Impacts of Prenatal Cannabis Exposure,https://www.sciencedaily.com/releases/2024/07/240705130221.htm,,2024-07-05 00:00:00
behavior,"Deep Machine-Learning Speeds Assessment of Fruit Fly Heart Aging and Disease, a Model for Human Disease",https://www.sciencedaily.com/releases/2024/07/240703183738.htm,A key question that remains in biology and biophysics is how three-dimensional tissue shapes emerge during animal development. Research teams have now found a mechanism by which tissues can be ...,2024-07-03 00:00:00
behavior,Giant Salamander-Like Creature Was a Top Predator in the Ice Age Before the Dinosaurs,https://www.sciencedaily.com/releases/2024/07/240703131724.htm,,2024-07-03 00:00:00
behavior,An Ant That Selectively Amputates the Infected Limbs of Wounded Sisters,https://www.sciencedaily.com/releases/2024/07/240702135415.htm,"Machine learning is a powerful tool in computational biology, enabling the analysis of a wide range of biomedical data such as genomic sequences and biological imaging. But when researchers use ...",2024-07-02 00:00:00
biochemistry,Reef Tourism Encourages Climate Action,https://www.sciencedaily.com/releases/2024/09/240903144949.htm,"The most frequently used mpox vaccine provides partial immunity to the disease but isn't always able to prevent severe symptoms or disease transmission. A new vaccine candidate from Moderna, ...",2024-09-03 00:00:00
biochemistry,Fungus-Controlled Robots Tap Into the Unique Power of Nature,https://www.sciencedaily.com/releases/2024/09/240904192325.htm,Biologists have discovered a new species of paua mollusk (also known as abalone) off New ...,2024-09-04 00:00:00
biochemistry,Dangerous Airborne Fungus Boosted by California Droughts,https://www.sciencedaily.com/releases/2024/09/240903144903.htm,Researchers have made a world first breakthrough into creating blood stem cells that closely resemble those in the human body. And the discovery could soon lead to personalized treatments for ...,2024-09-03 00:00:00
biochemistry,Chemists Explain Why Dinosaur Collagen May Have Survived for Millions of Years,https://www.sciencedaily.com/releases/2024/09/240904130243.htm,,2024-09-04 00:00:00
biochemistry,"Like People, Vultures Get Set in Their Ways and Have Fewer Friends as They Age",https://www.sciencedaily.com/releases/2024/08/240830163955.htm,"Researchers have identified the seasonal and climate-based cycles of Valley fever, an emerging but dangerous fungal disease spread through dust in the ...",2024-08-30 00:00:00
biochemistry,Ancient Gene Gives Spiders Their Narrow Waist,https://www.sciencedaily.com/releases/2024/08/240829140813.htm,"It turns out that a particular gene has a great influence on longevity, a new study concludes. This may pave the way for new ...",2024-08-29 00:00:00
biochemistry,Agricultural Impact of Flooding,https://www.sciencedaily.com/releases/2024/08/240829132533.htm,"Researchers have designed, in mice, an approach to minimizing the damage from a spinal cord injury through the use of engineered immune cells. Mice given the treatment had improved recovery from ...",2024-08-29 00:00:00
biochemistry,Can Fungi Turn Food Waste Into the Next Culinary Sensation?,https://www.sciencedaily.com/releases/2024/08/240829132426.htm,,2024-08-29 00:00:00
biochemistry,This Tiny Backyard Bug Does the Fastest Backflips on Earth,https://www.sciencedaily.com/releases/2024/08/240829132402.htm,"New research has uncovered an extraordinary mechanism of cell division in Corynebacterium matruchotii, one of the most common bacteria living in dental plaque. The filamentous bacterium doesn't ...",2024-08-29 00:00:00
botany,Global Timber Supply Threatened as Climate Change Pushes Cropland Northwards,https://www.sciencedaily.com/releases/2024/08/240829132446.htm,,2024-08-29 00:00:00
botany,Study Shows Reduced Inflammation in Residents After Adding Trees to Their Neighborhoods,https://www.sciencedaily.com/releases/2024/08/240827105016.htm,,2024-08-27 00:00:00
botany,Are Crops Worldwide Sufficiently Pollinated?,https://www.sciencedaily.com/releases/2024/08/240826193131.htm,"Climate change will move and reduce the land suitable for growing food and timber, putting the production of these two vital resources into direct competition, a new study has ...",2024-08-26 00:00:00
botany,A Leaky Sink: Carbon Emissions from Forest Soil Will Likely Grow With Rising Temperatures,https://www.sciencedaily.com/releases/2024/08/240823153446.htm,,2024-08-23 00:00:00
botany,Innovative Field Experiments Shed Light on Biological Clocks in Nature,https://www.sciencedaily.com/releases/2024/08/240823120128.htm,"Using newly generated 'optogenetic' tobacco plants, research teams have investigated how plants process external ...",2024-08-23 00:00:00
botany,Honey Bees May Play Key Role in Spreading Viruses to Wild Bumblebees,https://www.sciencedaily.com/releases/2024/08/240821150001.htm,,2024-08-21 00:00:00
botany,Survival Tactics: AI-Driven Insights Into Chromatin Changes for Winter Dormancy in Axillary Buds,https://www.sciencedaily.com/releases/2024/08/240821124343.htm,A new project has found that people living in neighborhoods where the number of trees and shrubs was more than doubled showed lower levels of a blood ...,2024-08-21 00:00:00
botany,Pilot Study Uses Recycled Glass to Grow Plants for Salsa Ingredients,https://www.sciencedaily.com/releases/2024/08/240821124454.htm,"Scientists have analyzed crop yields of more than 1,500 fields on six continents, and found that production worldwide of important, nutritionally dense foods such as fruits, vegetables, nuts and ...",2024-08-21 00:00:00
botany,Why Do Plants Wiggle? New Study Provides Answers,https://www.sciencedaily.com/releases/2024/08/240815124139.htm,,2024-08-15 00:00:00
botany,Giant Fossil Seeds from Borneo Record Ancient Plant Migration,https://www.sciencedaily.com/releases/2024/08/240814123742.htm,The soils of northern forests are key reservoirs that help keep the carbon dioxide that trees inhale and use for photosynthesis from making it back ...,2024-08-14 00:00:00
botany,Study Reveals Urban Trees Suffer More from Heat Waves and Drought Than Their Rural Counterparts,https://www.sciencedaily.com/releases/2024/08/240813141412.htm,,2024-08-13 00:00:00
botany,Mature Forests Vital in Frontline Fight Against Climate Change,https://www.sciencedaily.com/releases/2024/08/240812123302.htm,A new study has used a series of innovative field experiments to show how plants combine circadian clock signals with environmental cues under naturally fluctuating ...,2024-08-12 00:00:00
botany,Researchers Make Breakthrough in Understanding Species Abundance,https://www.sciencedaily.com/releases/2024/08/240809135720.htm,,2024-08-09 00:00:00
botany,Unlocking the Secrets of Salt Stress Tolerance in Wild Tomatoes,https://www.sciencedaily.com/releases/2024/08/240808114832.htm,"Honey bees may play a role in increasing virus levels in wild bumble bees each spring, according to researchers who analyzed seasonal trends of parasite and virus transmission in ...",2024-08-08 00:00:00
botany,Asthma Emergencies Spike When Allergenic Pollen Blooms,https://www.sciencedaily.com/releases/2024/08/240807225650.htm,,2024-08-07 00:00:00
botany,Discovering How Plants Make Life-and-Death Decisions,https://www.sciencedaily.com/releases/2024/08/240807225507.htm,Epigenetics confers a survival advantage in plants to endure harsh weather by inducing bud dormancy. Environmental factors or intrinsic signals ...,2024-08-07 00:00:00
botany,Plants Offer Fruit to Insects to Disperse Dust-Like Seeds,https://www.sciencedaily.com/releases/2024/08/240807122716.htm,,2024-08-07 00:00:00
botany,Study Analyzes Potato-Pathogen 'Arms Race' After Irish Famine,https://www.sciencedaily.com/releases/2024/08/240805134220.htm,"Researchers have identified the genetic changes linked to why plants go through a developmental change similar to 'puberty' at different rates, a discovery which could lead to better crop ...",2024-08-05 00:00:00
botany,Combined Effects of Plastic Pollution and Seawater Flooding Amplify Threats to Coastal Plant Species,https://www.sciencedaily.com/releases/2024/08/240802132907.htm,,2024-08-02 00:00:00
botany,Warming Stops Tiny Organisms Working Together,https://www.sciencedaily.com/releases/2024/08/240801121824.htm,"Tortilla chips and fresh salsa are tasty, but they could be even more appealing if you grow the ingredients yourself. Now, researchers report that some salsa ingredients -- cilantro, bell pepper and ...",2024-08-01 00:00:00
botany,Scientists Discover Entirely New Wood Type That Could Be Highly Efficient at Carbon Storage,https://www.sciencedaily.com/releases/2024/07/240730202343.htm,,2024-07-30 00:00:00
botany,From Genes to Jeans: New Genetic Insights May Lead to Drought Resilient Cotton,https://www.sciencedaily.com/releases/2024/07/240729173346.htm,"Decades after his voyage on the HMS Beagle, Charles Darwin became fascinated by why plants move as they grow -- spinning and twisting into corkscrews. Now, more than 150 years later, a new study may ...",2024-07-29 00:00:00
botany,Scientists Untangle Interactions Between the Earth's Early Life Forms and the Environment Over 500 Million Years,https://www.sciencedaily.com/releases/2024/07/240729173317.htm,,2024-07-29 00:00:00
botany,"Climate Is Most Important Factor in Where Mammals Choose to Live, Study Finds",https://www.sciencedaily.com/releases/2024/07/240726132957.htm,"Ancient fossil beans about the size of modern limes, and among the largest seeds in the fossil record, may provide new insight into the evolution of today's diverse Southeast Asian and Australian ...",2024-07-26 00:00:00
botany,Mixed Approach to Reforestation Better Than Planting or Regeneration Alone,https://www.sciencedaily.com/releases/2024/07/240724123101.htm,,2024-07-24 00:00:00
botany,How Well Does Tree Planting Work in Climate Change Fight? It Depends,https://www.sciencedaily.com/releases/2024/07/240724123057.htm,A recent study details how trees in New York City and Boston are more negatively impacted by heat waves and drought than trees of the same species in nearby rural forests. The finding highlights the ...,2024-07-24 00:00:00
botany,Trees Reveal Climate Surprise -- Bark Removes Methane from the Atmosphere,https://www.sciencedaily.com/releases/2024/07/240724123005.htm,,2024-07-24 00:00:00
botany,Biosensor Reveals Gibberellin's Critical Role in Legume Nitrogen-Fixation -- Paving the Way for Self-Fertilizing Cereals,https://www.sciencedaily.com/releases/2024/07/240723123451.htm,Mature forests have a key role to play in the fight against climate change -- extracting carbon dioxide (CO2) from the atmosphere and locking it into new ...,2024-07-23 00:00:00
botany,Heat-Sensitive Trees Move Uphill Seeking Climate Change Respite,https://www.sciencedaily.com/releases/2024/07/240723123348.htm,,2024-07-23 00:00:00
botany,Groundcherry Gets Genetic Upgrades: Turning a Garden Curiosity Into an Agricultural Powerhouse,https://www.sciencedaily.com/releases/2024/07/240718124826.htm,"The key finding was that temperature and genome size, not body size, had the greatest influence on the maximum population growth rate of the diatoms. Yet body size still mattered in colder latitudes, ...",2024-07-18 00:00:00
cell_biology,Prioritizing the Unexpected: New Brain Mechanism Uncovered,https://www.sciencedaily.com/releases/2024/08/240828114338.htm,"Researchers have uncovered a surprising genetic mechanism that influences the vibrant and complex patterns on butterfly wings. The team discovered that an RNA molecule, rather than a protein as ...",2024-08-28 00:00:00
cell_biology,Scientists Develop AI-Driven Method to Enhance Electron Microscopy Imaging Capabilities of Complex Biological Systems,https://www.sciencedaily.com/releases/2024/08/240827105010.htm,,2024-08-27 00:00:00
cell_biology,Immune System That Bacteria Use to Respond to Viral Infections,https://www.sciencedaily.com/releases/2024/08/240826182907.htm,,2024-08-26 00:00:00
cell_biology,CRISPR-Based Genome Editing in Nile Grass Rats,https://www.sciencedaily.com/releases/2024/08/240823185100.htm,,2024-08-23 00:00:00
cell_biology,Bioengineers Develop Lotus Leaf-Inspired System to Advance Study of Cancer Cell Clusters,https://www.sciencedaily.com/releases/2024/08/240823153443.htm,Our bodies and organs are shielded from the external environment by tissue barriers like the skin. These barriers must be tightly sealed to prevent unwanted substances from entering. This sealing is ...,2024-08-23 00:00:00
cell_biology,Strength Training Activates Cellular Waste Disposal,https://www.sciencedaily.com/releases/2024/08/240823141612.htm,,2024-08-23 00:00:00
developmental_biology,T Cells Manipulate the Memory of Innate Immune Cells,https://www.sciencedaily.com/releases/2024/08/240822142610.htm,"Blinding diseases lead to permanent vision loss by damaging photoreceptor cells, which humans cannot naturally regenerate. While researchers are ...",2024-08-22 00:00:00
developmental_biology,Adaptive 3D Printing System to Pick and Place Bugs and Other Organisms,https://www.sciencedaily.com/releases/2024/08/240820124454.htm,"An ancient gene is crucial for the development of the distinctive waist that divides the spider body plan in two, according to a new ...",2024-08-20 00:00:00
developmental_biology,Searching Old Stem Cells That Stay Young Forever,https://www.sciencedaily.com/releases/2024/08/240819130732.htm,"Bacterial cells can 'remember' brief, temporary changes to their bodies and immediate surroundings, a new study has found. And, although these changes are not encoded in the cell's genetics, the cell ...",2024-08-19 00:00:00
developmental_biology,Zebrafish Use Surprising Strategy to Regrow Spinal Cord,https://www.sciencedaily.com/releases/2024/08/240815124154.htm,,2024-08-15 00:00:00
developmental_biology,Scientists Map DNA of Lyme Disease Bacteria,https://www.sciencedaily.com/releases/2024/08/240815124144.htm,"Malaria is caused by a eukaryotic microbe of the Plasmodium genus, and is responsible for more deaths than all other parasitic diseases combined. In ...",2024-08-15 00:00:00
developmental_biology,New Way Inflammation Impacts Cell Communication,https://www.sciencedaily.com/releases/2024/08/240814160720.htm,,2024-08-14 00:00:00
developmental_biology,Common Equine Painkiller Disrupts Assisted Reproduction Technique Efficiency in Mares,https://www.sciencedaily.com/releases/2024/08/240813164647.htm,"An article highlights new insights into the PARIS, an immune system that bacteria use to respond to viral ...",2024-08-13 00:00:00
developmental_biology,Exciting Advance in Stem Cell Therapy,https://www.sciencedaily.com/releases/2024/08/240813164644.htm,,2024-08-13 00:00:00
developmental_biology,Surprising Insight Into Cancer Comes from Unique Plant Species That Find Different Solutions to Evolutionary Challenges,https://www.sciencedaily.com/releases/2024/08/240813131947.htm,A team of researchers has discovered a set of methods that enabled the first successful CRISPR-based genome editing in Nile grass ...,2024-08-13 00:00:00
developmental_biology,Rewriting the Evolutionary History of Critical Components of the Nervous System,https://www.sciencedaily.com/releases/2024/08/240813131928.htm,,2024-08-13 00:00:00
developmental_biology,Starvation and Adhesion Drive Formation of Keratinocyte Patterns in Skin,https://www.sciencedaily.com/releases/2024/08/240812210603.htm,"Research reveals that T cells from the adaptive immune system can manipulate the memory of innate immune cells. Previously, it was believed that the memory of innate immune cells operated ...",2024-08-12 00:00:00
developmental_biology,How Mortal Filaments' Self-Assemble and Maintain Order: Align or Die,https://www.sciencedaily.com/releases/2024/08/240812123256.htm,,2024-08-12 00:00:00
developmental_biology,Bacteria Encode Hidden Genes Outside Their Genome--Do We?,https://www.sciencedaily.com/releases/2024/08/240809135927.htm,"Researchers identified a signaling pathway in mice that boosts intestinal stem cells' regeneration abilities after fasting. When cancerous mutations occurred during this regenerative period, ...",2024-08-09 00:00:00
developmental_biology,Viral Defense Protein Speeds Up Female Stem Cell Production,https://www.sciencedaily.com/releases/2024/08/240807225635.htm,,2024-08-07 00:00:00
developmental_biology,Do Smells Prime Our Gut to Fight Off Infection?,https://www.sciencedaily.com/releases/2024/08/240807225519.htm,A tandem signaling process turns ordinary cells into an efficient cleanup ...,2024-08-07 00:00:00
epigenetics,The on-and-Off Affair in DNA,https://www.sciencedaily.com/releases/2024/06/240626152122.htm,,2024-06-26 00:00:00
epigenetics,Father's Diet Before Conception Influences Children's Health,https://www.sciencedaily.com/releases/2024/06/240605162338.htm,"Researchers have discovered that in thale cresses histone H3 lysine-9 (H3K9) methylation, conventionally thought to be a mark of turning off gene transcription, can also turn on gene expression via the interactions of two other proteins and histone ...",2024-06-05 00:00:00
epigenetics,An Epigenome Editing Toolkit to Dissect the Mechanisms of Gene Regulation,https://www.sciencedaily.com/releases/2024/05/240509110742.htm,,2024-05-09 00:00:00
epigenetics,When Inequality Is More Than 'Skin-Deep': Social Status Leaves Traces in the Epigenome of Spotted Hyenas in Tanzania,https://www.sciencedaily.com/releases/2024/03/240328162633.htm,A recent study provides new insights into how fathers' diets and overweight can affect their children's health even before conception. The findings of the study can help develop preventive health measures for men wishing to become fathers: The ...,2024-03-28 00:00:00
epigenetics,New Study Reveals Transgenerational Effects of Pesticide Linuron on Frogs,https://www.sciencedaily.com/releases/2024/03/240311145907.htm,,2024-03-11 00:00:00
epigenetics,Cracking Epigenetic Inheritance: Biologists Discovered the Secrets of How Gene Traits Are Passed on,https://www.sciencedaily.com/releases/2024/03/240307110735.htm,"A recent study led to the development of a powerful epigenetic editing technology. The system unlocks the ability to precisely program chromatin modifications at any specific position in the genome, to understand their causal role in transcription ...",2024-03-07 00:00:00
epigenetics,Revealing the Evolutionary Origin of Genomic Imprinting,https://www.sciencedaily.com/releases/2024/03/240306150553.htm,,2024-03-06 00:00:00
epigenetics,Decoding the Language of Epigenetic Modifications,https://www.sciencedaily.com/releases/2024/03/240306150542.htm,A research consortium provides evidence that social behavior and social status are reflected at the molecular level of gene activation (epigenome) in juvenile and adult free-ranging spotted hyenas. ...,2024-03-06 00:00:00
epigenetics,New Tool Helps Decipher Gene Behavior,https://www.sciencedaily.com/releases/2024/02/240228132043.htm,,2024-02-28 00:00:00
epigenetics,"Multi-Generational Toxicant Exposures Show Cumulative, Inherited Health Effects",https://www.sciencedaily.com/releases/2024/01/240123122159.htm,"Grand-offspring of male frogs exposed to the pesticide linuron exhibited changes in their DNA that was linked to significant physiological impacts, a study reveals. The research highlights the ...",2024-01-23 00:00:00
epigenetics,"Aging Mouse Sperm Affects MicroRNA, Increasing the Risk of Neurodevelopmental Disorders",https://www.sciencedaily.com/releases/2024/01/240112114754.htm,,2024-01-12 00:00:00
epigenetics,Clever Dosage Control Mechanism of Biallelic Genes,https://www.sciencedaily.com/releases/2023/11/231129112532.htm,A research team has recently made a significant breakthrough in understanding how the DNA copying machine helps pass on epigenetic information to ...,2023-11-29 00:00:00
epigenetics,How Cell Identity Is Preserved When Cells Divide,https://www.sciencedaily.com/releases/2023/11/231116150849.htm,,2023-11-16 00:00:00
epigenetics,Epigenetic Regulator MOF Drives Mitochondrial Metabolism,https://www.sciencedaily.com/releases/2023/10/231009191631.htm,"Some of our genes can be expressed or silenced depending on whether we inherited them from our mother or our father. The mechanism behind this phenomenon, known as genomic imprinting, is determined ...",2023-10-09 00:00:00
epigenetics,Timing Plant Evolution With a Fast-Ticking Epigenetic Clock,https://www.sciencedaily.com/releases/2023/09/230929131649.htm,,2023-09-29 00:00:00
epigenetics,Study Illuminates Mechanism That Annotates Genetic Information Passed from Fathers to Offspring,https://www.sciencedaily.com/releases/2023/09/230906161820.htm,"Epigenetic changes play important roles in cancer, metabolic and aging-related diseases, but also during loss of resilience as they cause the genetic material to be incorrectly interpreted in ...",2023-09-06 00:00:00
epigenetics,Epigenetic Mechanism That Causes Bitter Taste Distortion Discovered,https://www.sciencedaily.com/releases/2023/08/230824120153.htm,,2023-08-24 00:00:00
epigenetics,"Global Consortium Creates Large-Scale, Cross-Species Database and Universal 'Clock' to Estimate Age in All Mammalian Tissues",https://www.sciencedaily.com/releases/2023/08/230810141041.htm,Scientists have extensively researched the structure and sequence of genetic material and its interactions with proteins in the hope of understanding how our genetics and environment interact in ...,2023-08-10 00:00:00
epigenetics,New Study Unveils Epigenetic 'Traffic Lights' Controlling Stop and Go for Gene Activity,https://www.sciencedaily.com/releases/2023/03/230301120825.htm,,2023-03-01 00:00:00
epigenetics,How Sex Differences Influence Lung Injury in Mice,https://www.sciencedaily.com/releases/2023/01/230112113203.htm,"While exposure to a single substance like DDT has been shown to create inherited disease susceptibility, a recent study in animals found exposure to ...",2023-01-12 00:00:00
epigenetics,HUSHing Repetitive-Like Elements Contributes to Normal Brain Development and Function,https://www.sciencedaily.com/releases/2022/11/221104165402.htm,,2022-11-04 00:00:00
epigenetics,The Guardian of the (Epi-)genome,https://www.sciencedaily.com/releases/2022/11/221102110319.htm,"Much is known about the added complication to pregnancy when it comes to the age of the mother, but recent studies show that the age of the father ...",2022-11-02 00:00:00
epigenetics,'Kipferl': Guiding the Defense Against Jumping Genes,https://www.sciencedaily.com/releases/2022/10/221004134356.htm,,2022-10-04 00:00:00
epigenetics,New Study Shows Transmission of Epigenetic Memory Across Multiple Generations,https://www.sciencedaily.com/releases/2022/09/220926200451.htm,"Researchers have uncovered a mechanism that safeguards the biallelic expression of haploinsufficient genes, shedding light on the importance of having two copies of each chromosome. A study ...",2022-09-26 00:00:00
epigenetics,Using Nanopores to Detect Epigenetic Changes Faster,https://www.sciencedaily.com/releases/2022/08/220831095004.htm,,2022-08-31 00:00:00
epigenetics,Not All in the Genes: Are We Inheriting More Than We Think?,https://www.sciencedaily.com/releases/2022/08/220811142958.htm,"A new theoretical model helps explain how epigenetic memories, encoded in chemical modifications of chromatin, are passed from generation to generation. Â Within each cell's nucleus, researchers ...",2022-08-11 00:00:00
epigenetics,"A 'Factory Reset' for the Brain May Cure Anxiety, Drinking Behavior, Study Suggests",https://www.sciencedaily.com/releases/2022/05/220504153619.htm,,2022-05-04 00:00:00
epigenetics,An Epigenetic Cause of Miscarriages Is Identified and Cured in Mice,https://www.sciencedaily.com/releases/2022/04/220427171428.htm,Researchers have unveiled a new mechanism for regulating mitochondrial function. The findings reveal the critical role played by the enzymatic activity of the lysine acetyltransferase MOF in ...,2022-04-27 00:00:00
epigenetics,A Single Allele Deletion in Gene Encoding Zbtb38 Leads to Early Embryonic Death,https://www.sciencedaily.com/releases/2022/04/220418094008.htm,,2022-04-18 00:00:00
epigenetics,DNA Discovery Reveals a Critical 'Accordion Effect' for Switching Off Genes,https://www.sciencedaily.com/releases/2022/04/220405084554.htm,"Recent discoveries in the field of epigenetics, the study of inheritance of traits that occur without changing the DNA sequence, have shown that chronological age in mammals correlates with ...",2022-04-05 00:00:00
epigenetics,Learning from the Single Cell: A New Technique to Unravel Gene Regulation,https://www.sciencedaily.com/releases/2022/04/220401122200.htm,,2022-04-01 00:00:00
epigenetics,'Scents' of Alarm: Volatile Chemical Signals from Damaged Plants Warn Neighbors About Herbivore Attacks,https://www.sciencedaily.com/releases/2022/03/220310115124.htm,"Scientists have identified a key part of a mechanism that annotates genetic information before it is passed from fathers to their offspring. The findings shed new light on genomic imprinting, a ...",2022-03-10 00:00:00
epigenetics,"New DNA Modification System Discovered in Animals, Captured from Bacteria More Than 60 MYA",https://www.sciencedaily.com/releases/2022/02/220228091140.htm,,2022-02-28 00:00:00
epigenetics,Epigenetic Effects of Pollution Persist for Multiple Generations in Water Fleas,https://www.sciencedaily.com/releases/2022/02/220210084939.htm,"A bitter taste in the mouth is often a symptom or side effect of illness, which may be the result of how the body reacts to pathogens. A new study sheds light on the mechanisms involved in the ...",2022-02-10 00:00:00
evolution,How Baleen Whales Have Adapted Over the Past 50 Million Years,https://www.sciencedaily.com/releases/2024/08/240822130013.htm,"Scientists have suspected that modern humans have more genes to digest starch than our hunter-gatherer ancestors, but the amylase locus of the genome is hard to study. Researchers have now developed ...",2024-08-22 00:00:00
evolution,Darwin's Fear Was Unjustified: Writing Evolutionary History by Bridging the Gaps a Big Issue,https://www.sciencedaily.com/releases/2024/08/240826130636.htm,,2024-08-26 00:00:00
evolution,Bonobos and Ancient Origin of the 'Common Enemy Effect',https://www.sciencedaily.com/releases/2024/08/240823120106.htm,The largest dataset of cetacean genes ever collated has helped scientists deep dive 'into the blue' to fathom the 'triumph' of baleen whale evolution. The new study explores the key genetic adaptations of these diverse whale species around the ...,2024-08-23 00:00:00
evolution,'Masters of Shape-Shifting': How Darkling Beetles Conquered the World,https://www.sciencedaily.com/releases/2024/08/240820124537.htm,How does one species become two? A new study shows what happens when individuals of a moth species become separated in ...,2024-08-20 00:00:00
evolution,From Pets to Pests: How Domestic Rabbits Survive the Wilderness,https://www.sciencedaily.com/releases/2024/08/240822125922.htm,,2024-08-22 00:00:00
evolution,Blind Cavefish Have Extraordinary Taste Buds,https://www.sciencedaily.com/releases/2024/08/240815190023.htm,,2024-08-15 00:00:00
evolution,How Bread Dough Gave Rise to Civilization,https://www.sciencedaily.com/releases/2024/08/240814124651.htm,,2024-08-14 00:00:00
evolution,Decoding the World's Largest Animal Genome,https://www.sciencedaily.com/releases/2024/08/240814124445.htm,"Large-scale genomic analysis of darkling beetles, a hyper-diverse insect group of more than 30,000 species worldwide, rolls back the curtain on a 150-million-year evolutionary tale of one of Earth's ...",2024-08-14 00:00:00
evolution,"Lemurs Use Long-Term Memory, Smell, and Social Cues to Find Food",https://www.sciencedaily.com/releases/2024/08/240807225505.htm,,2024-08-07 00:00:00
evolution,Living With a Killer: How an Unlikely Mantis Shrimp-Clam Association Violates a Biological Principle,https://www.sciencedaily.com/releases/2024/08/240806163726.htm,"How do rabbits go from fluffy pets to marauding invaders? Rabbits have colonized countries worldwide, often with dire economic and ecological consequences, but their secret has until now been a ...",2024-08-06 00:00:00
evolution,Researchers Find Gene Which Determines Marsupial Fur Color,https://www.sciencedaily.com/releases/2024/08/240806131327.htm,,2024-08-06 00:00:00
evolution,Half a Billion-Year-Old Spiny Slug Reveals the Origins of Mollusks,https://www.sciencedaily.com/releases/2024/08/240801142116.htm,"New research shows that rainwater could have helped create a meshy wall around protocells 3.8 billion years ago, a critical step in the transition ...",2024-08-02 00:00:00
evolution,Fossil Shows How Penguins' Wings Evolved,https://www.sciencedaily.com/releases/2024/08/240802132919.htm,,2024-08-02 00:00:00
evolution,Climate Anomalies May Play a Major Role in Driving Cholera Pandemics,https://www.sciencedaily.com/releases/2024/08/240801142243.htm,"Scientists have found a new way to predict how proteins change their shape when they function, which is important for understanding how they work in living systems. While recent artificial ...",2024-08-01 00:00:00
evolution,Mass Extinction 66 Million Years Ago Triggered Rapid Evolution of Bird Genomes,https://www.sciencedaily.com/releases/2024/07/240731170951.htm,A newly discovered code within DNA -- coined 'spatial grammar' -- holds a key to understanding how gene activity is encoded in the human genome. This breakthrough finding revealed a ...,2024-07-31 00:00:00
evolution,Researchers Explore Cancer Susceptibility in Birds,https://www.sciencedaily.com/releases/2024/07/240731141220.htm,,2024-07-31 00:00:00
genetics,Gut Molecule Slows Fat Burning During Fasting,https://www.sciencedaily.com/releases/2024/08/240821191643.htm,"Scientists have discovered a virus that caused a nationwide die-off of superworms, a common food for birds, reptiles, other pets and, more and more ...",2024-08-21 00:00:00
genetics,Self-Repairing Mitochondria Use Novel Recycling System,https://www.sciencedaily.com/releases/2024/08/240821124225.htm,Researchers are adding new evidence to the emerging concept that 'silent' or synonymous mutations may have crucial consequences. Their study showed how a synonymous mutation in one gene can ...,2024-08-21 00:00:00
genetics,Compound in Rosemary Extract Can Reduce Cocaine Sensitivity,https://www.sciencedaily.com/releases/2024/08/240820221846.htm,How does one species become two? A new study shows what happens when individuals of a moth species become separated in ...,2024-08-20 00:00:00
genetics,Key Biofuel-Producing Microalga Believed to Be a Single Species Is Actually Three,https://www.sciencedaily.com/releases/2024/08/240819172330.htm,Researchers created a tool capable of comprehensively mapping crucial interactions underlying drug efficacy in one superfamily of cell ...,2024-08-19 00:00:00
genetics,New Insights on How Bird Flu Crosses the Species Barrier,https://www.sciencedaily.com/releases/2024/08/240819130740.htm,,2024-08-19 00:00:00
marine_biology,Ancient Sea Cow Attacked by a Crocodile and Sharks Sheds New Light on Prehistoric Food Chains,https://www.sciencedaily.com/releases/2024/08/240829132517.htm,,2024-08-29 00:00:00
marine_biology,Listen Up: New Insights Into Little Penguins' Sensitivity to Noise,https://www.sciencedaily.com/releases/2024/08/240828114418.htm,"The surprising discovery of a bacterium in a marine sponge from the Great Barrier Reef with striking similarity to Mycobacterium tuberculosis, the ...",2024-08-28 00:00:00
marine_biology,Rain or Shine? How Rainfall Impacts Size of Sea Turtle Hatchlings,https://www.sciencedaily.com/releases/2024/08/240828114345.htm,,2024-08-28 00:00:00
marine_biology,Oxygen Produced in the Deep Sea Raises Questions About Extraterrestrial Life,https://www.sciencedaily.com/releases/2024/08/240826182909.htm,Researchers have made a groundbreaking discovery about how sea stars (commonly known as starfish) manage to survive predatory attacks by shedding their own limbs. The team has identified a ...,2024-08-26 00:00:00
marine_biology,What Microscopic Fossilized Shells Tell Us About Ancient Climate Change,https://www.sciencedaily.com/releases/2024/08/240826182904.htm,,2024-08-26 00:00:00
marine_biology,Antarctica Vulnerable to Invasive Species Hitching Rides on Plastic and Organic Debris,https://www.sciencedaily.com/releases/2024/08/240821221834.htm,"A new study showing how a prehistoric sea cow was preyed upon by not one, but two different carnivores -- a crocodilian and a shark -- is revealing ...",2024-08-21 00:00:00
marine_biology,A Deep Dive for Environmental Data on Coastal Oceans,https://www.sciencedaily.com/releases/2024/08/240821150009.htm,,2024-08-21 00:00:00
marine_biology,U.S. Capable of Achieving Seafood Independence,https://www.sciencedaily.com/releases/2024/08/240815163612.htm,The largest dataset of cetacean genes ever collated has helped scientists deep dive 'into the blue' to fathom the 'triumph' of baleen whale evolution. The new study explores the key genetic ...,2024-08-15 00:00:00
marine_biology,"As Human Activities Expand in Antarctica, Scientists Identify Crucial Conservation Sites",https://www.sciencedaily.com/releases/2024/08/240815130613.htm,,2024-08-15 00:00:00
marine_biology,Warming Waters and Nutrient Overload: A Dangerous Combination Threatening Our Rivers and Lakes,https://www.sciencedaily.com/releases/2024/08/240815124137.htm,Researchers have used state-of-the-art imaging technology to shed light on the hearing sensitivity of Australian Little Penguins and the danger of marine noise pollution. The study details how Little ...,2024-08-15 00:00:00
marine_biology,Historic Map Reveals How Mussel Farm Is Bringing Shellfish Reefs Back to the Seabed,https://www.sciencedaily.com/releases/2024/08/240814124623.htm,,2024-08-14 00:00:00
marine_biology,A Belly Full of Jelly,https://www.sciencedaily.com/releases/2024/08/240814124603.htm,"An internationally collaborative study delves into how fluctuating rainfall impacts the development of sea turtle hatchlings, revealing that it has a more profound effect than changes in air ...",2024-08-14 00:00:00
marine_biology,Bacteria in Lakes Fight Climate Change,https://www.sciencedaily.com/releases/2024/08/240812123319.htm,,2024-08-12 00:00:00
marine_biology,Largest Protein Yet Discovered Builds Algal Toxins,https://www.sciencedaily.com/releases/2024/08/240809135939.htm,"By analyzing foram shells recovered in drill cores, study led by geologists links rapid climate change that led to thermal maxima 50 million years ago to rising CO2 ...",2024-08-09 00:00:00
marine_biology,"South Florida Estuaries Warming Faster Than Gulf of Mexico, Global Ocean, USF Research Shows",https://www.sciencedaily.com/releases/2024/08/240807122733.htm,,2024-08-07 00:00:00
marine_biology,"New Report on Great Barrier Reef Shows Coral Cover Increases Before Onset of Serious Bleaching, Cyclones",https://www.sciencedaily.com/releases/2024/08/240807122637.htm,A new study reveals how ocean biology and marine pollution can end up on Antarctica's ...,2024-08-07 00:00:00
marine_biology,The Race to Discover Biodiversity: 11 New Marine Species and a New Platform for Rapid Species Description,https://www.sciencedaily.com/releases/2024/08/240806131313.htm,,2024-08-06 00:00:00
marine_biology,Catching a New (Sea) Star,https://www.sciencedaily.com/releases/2024/08/240805134237.htm,A new study addresses the lack of data on how much human-generated carbon dioxide is present in coastal oceans -- the saltwater ecosystems that link the land and sea. Capturing this data is crucial ...,2024-08-05 00:00:00
marine_biology,Ancient Antarctic Microorganisms Are Aggressive Predators,https://www.sciencedaily.com/releases/2024/08/240802132929.htm,,2024-08-02 00:00:00
marine_biology,Climate Change May Lead to Shifts in Vital Pacific Arctic Fisheries,https://www.sciencedaily.com/releases/2024/08/240801121934.htm,"Researchers suggest a new designation of the humpback whales they study: tool wielders. Researchers have known that humpback whales create ""bubble-nets"" to hunt, but they have learned that ...",2024-08-01 00:00:00
marine_biology,3D Models Provide Unprecedented Look at Corals' Response to Bleaching Events,https://www.sciencedaily.com/releases/2024/07/240731170947.htm,"The sea anemone Nematostella vectensis is potentially immortal. Using molecular genetic methods, developmental biologists have now identified possible candidates for multipotent stem cells in the sea ...",2024-07-31 00:00:00
mating_and_breeding,Fishing Is Causing Frightened Fish to Flee When They Should Flirt,https://www.sciencedaily.com/releases/2024/08/240807122755.htm,Male fruit flies will become oblivious to physical danger as they become more engaged in courtship and ...,2024-08-07 00:00:00
mating_and_breeding,"Eyes for Love: Searching for Light and a Mate in the Deep, Dark Sea, Male Dragonfishes Grow Larger Eyes Than the Females They Seek",https://www.sciencedaily.com/releases/2024/07/240723204803.htm,"Malaria is caused by a eukaryotic microbe of the Plasmodium genus, and is responsible for more deaths than all other parasitic diseases combined. In ...",2024-07-23 00:00:00
mating_and_breeding,Size Doesn't Matter for Mammals With More Complex Brains,https://www.sciencedaily.com/releases/2024/07/240725154746.htm,"A new study on songbirds sheds light on the power of social interaction to facilitate learning, insights that potentially apply to human development. Researchers discovered that zebra finches ...",2024-07-25 00:00:00
mating_and_breeding,Eco-Friendly Treatment Saves Squid Eggs from Newfound Parasite,https://www.sciencedaily.com/releases/2024/07/240722155125.htm,,2024-07-22 00:00:00
mating_and_breeding,Fish Adjust Reproduction in Response to Predators,https://www.sciencedaily.com/releases/2024/07/240719180304.htm,There comes a point in the lives of young owl monkeys when they leave their parents and strike out on their own to find a mate. In a new study of a wild population of Azara's owl monkeys in northern ...,2024-07-19 00:00:00
mating_and_breeding,Discovery of a Hybrid Lineage Offers Clues to How Trees Adapt to Climate Change,https://www.sciencedaily.com/releases/2024/07/240717162310.htm,Populations of squaretail grouper face an uncertain future as new research shows fishing that targets their spawning sites is causing males to be repeatedly scared away from their territories during ...,2024-07-17 00:00:00
mating_and_breeding,AI-Powered Study Explores Under-Studied Female Evolution,https://www.sciencedaily.com/releases/2024/07/240701131831.htm,,2024-07-01 00:00:00
mating_and_breeding,New Mathematical Model Sheds Light on the Absence of Breastfeeding in Male Mammals,https://www.sciencedaily.com/releases/2024/06/240627172154.htm,"In one of the largest studies of cancer susceptibility across bird species, researchers describe an intriguing relationship between reproductive rates and cancer ...",2024-06-27 00:00:00
mating_and_breeding,Researchers Find Genetic Stability in a Long-Term Panamanian Hybrid Zone of Manakin Birds,https://www.sciencedaily.com/releases/2024/06/240626173600.htm,,2024-06-26 00:00:00
mating_and_breeding,Gonadal Function in Male Mice Disrupted by Prenatal Risk Factors,https://www.sciencedaily.com/releases/2024/06/240614155434.htm,"The eyes of the male dragonfish grow larger for mate seeking, a sexual dimorphism that makes the dragonfish an anomaly in vertebrate evolution, ...",2024-06-14 00:00:00
mating_and_breeding,Modifying Genomes of Tardigrades to Unravel Their Secrets,https://www.sciencedaily.com/releases/2024/06/240613161136.htm,,2024-06-13 00:00:00
mating_and_breeding,The Gender Gap in Life Expectancy: Are Eggs and Sperm Partly Responsible?,https://www.sciencedaily.com/releases/2024/06/240612140827.htm,"Researchers have found a new way to identify genetic targets useful for control of mosquito populations, potentially offering an alternative to insecticides. Their study focused on the genetic basis ...",2024-06-12 00:00:00
mating_and_breeding,Determining Sex in Ants,https://www.sciencedaily.com/releases/2024/06/240606152229.htm,,2024-06-06 00:00:00
mating_and_breeding,Age and Sex-Related Changes Leave Female Flies Vulnerable to Delayed Harm from Head Injury,https://www.sciencedaily.com/releases/2024/06/240604132030.htm,,2024-06-04 00:00:00
mating_and_breeding,Food Drove the Evolution of Giraffes' Long Neck,https://www.sciencedaily.com/releases/2024/06/240603114245.htm,"Researchers have discovered that phenylbutazone, a non-steroidal anti-inflammatory drug (NSAID) commonly prescribed in horses, can affect the ability of a mare's egg cells -- called ...",2024-06-03 00:00:00
mating_and_breeding,The Secret Sex Life of Coral Revealed,https://www.sciencedaily.com/releases/2024/05/240528192054.htm,,2024-05-29 00:00:00
mating_and_breeding,Bigger Is Better: Male Proboscis Monkeys' Enhanced Noses Evolved to Attract Mates,https://www.sciencedaily.com/releases/2024/05/240523112539.htm,Scientists have succeeded in pinpointing the neurons within a female fruit fly's brain that respond to signals from the male during ...,2024-05-24 00:00:00
mating_and_breeding,Designing a Better Nest to Help Endangered Turtles,https://www.sciencedaily.com/releases/2024/05/240523153637.htm,,2024-05-23 00:00:00
mating_and_breeding,Sexual Parasitism Helped Anglerfish Invade the Deep Sea During a Time of Global Warming,https://www.sciencedaily.com/releases/2024/05/240523112445.htm,"Raising squid in aquaculture has been a challenge that researchers have tried to address for many decades without meaningful success. Squid are highly sensitive to changes in water flow, are ...",2024-05-23 00:00:00
molecular_biology,Gut Microbial Pathway Identified as Target for Improved Heart Disease Treatment,https://www.sciencedaily.com/releases/2024/08/240820124432.htm,,2024-08-20 00:00:00
molecular_biology,Preliminary Study Shows Potential of Manuka Honey as a Nutraceutical for Breast Cancer,https://www.sciencedaily.com/releases/2024/08/240819130530.htm,The elimination of damaged cell components is essential for the maintenance of the body's tissues and organs. An international research team has made significant findings on mechanisms for the ...,2024-08-19 00:00:00
zoology,How Earth's Most Intense Heat Wave Ever Impacted Life in Antarctica,https://www.sciencedaily.com/releases/2024/09/240904141509.htm,"Some of the butterflies most in danger of fluttering out of existence fare better when their habitats are actively managed by humans, a recent study found. Scientists have long warned that insect populations worldwide are falling rapidly due to the ...",2024-09-04 00:00:00
zoology,Pollution Affect the Growth and Behavior of Aquatic Organisms,https://www.sciencedaily.com/releases/2024/08/240828114426.htm,"The bigmouth buffalo is a fish that's native to Minnesota and known for its longevity. Researchers wanted to find out more about the species, especially how they migrate, spawn, and how often their ...",2024-08-28 00:00:00
zoology,"Aoudad, Bighorn Sheep Share Respiratory Pathogens",https://www.sciencedaily.com/releases/2024/08/240827171824.htm,,2024-08-27 00:00:00
zoology,Study Finds Salamanders Are Surprisingly Abundant in Northeastern Forests,https://www.sciencedaily.com/releases/2024/08/240826131206.htm,,2024-08-26 00:00:00
zoology,Mosquitoes Sense Infrared from Body Heat to Help Track Humans Down,https://www.sciencedaily.com/releases/2024/08/240822181042.htm,"Scientists have discovered a virus that caused a nationwide die-off of superworms, a common food for birds, reptiles, other pets and, more and more ...",2024-08-22 00:00:00
zoology,Fisheries Research Overestimates Fish Stocks,https://www.sciencedaily.com/releases/2024/08/240822142630.htm,"Young griffon vultures move frequently between sleeping sites in different locations, interacting with many friends. They get set in their ways as ...",2024-08-22 00:00:00
zoology,Universal Flu Vaccine Candidate Protects Against Infection in Mice,https://www.sciencedaily.com/releases/2024/08/240822125918.htm,Researchers have made a groundbreaking discovery about how sea stars (commonly known as starfish) manage to survive predatory attacks by shedding their own limbs. The team has identified a ...,2024-08-22 00:00:00
zoology,"A New Pandemic Could Ride in on Animals We Eat, Researchers Warn",https://www.sciencedaily.com/releases/2024/08/240821124357.htm,,2024-08-22 00:00:00
zoology,Human-Wildlife Overlap Expected to Increase Across More Than Half of Land on Earth by 2070,https://www.sciencedaily.com/releases/2024/08/240821145939.htm,"An ancient gene is crucial for the development of the distinctive waist that divides the spider body plan in two, according to a new ...",2024-08-21 00:00:00
zoology,"To Kill Mammoths in the Ice Age, People Used Planted Pikes, Not Throwing Spears, Researchers Say",https://www.sciencedaily.com/releases/2024/08/240821145927.htm,,2024-08-21 00:00:00
zoology,Beetle That Pushes Dung With the Help of 100 Billion Stars Unlocks the Key to Better Navigation Systems in Drones and Satellites,https://www.sciencedaily.com/releases/2024/08/240821124330.htm,"New research reveals that size-based selection, like in fishing, may impact the stress tolerance of fish, which in turn has a significant impact on the condition and coping of fish in changing ...",2024-08-21 00:00:00
bacteria,Waging War on 'Superbugs' in Aged Care,https://www.sciencedaily.com/releases/2024/08/240829132525.htm,,2024-08-29 00:00:00
bacteria,Bacteria Able to Overcome Cost of Vancomycin Resistance in Lab Setting,https://www.sciencedaily.com/releases/2024/08/240829140807.htm,"The surprising discovery of a bacterium in a marine sponge from the Great Barrier Reef with striking similarity to Mycobacterium tuberculosis, the pathogen responsible for tuberculosis (TB), could ...",2024-08-29 00:00:00
bacteria,Protect Your Teeth With Fruit: Antimicrobial Effects Found in Biomass Compounds,https://www.sciencedaily.com/releases/2024/08/240828114424.htm,,2024-08-28 00:00:00
bacteria,Gut Bacteria Composition Influences Rotavirus Vaccine Efficacy,https://www.sciencedaily.com/releases/2024/08/240826182929.htm,,2024-08-26 00:00:00
bacteria,Chlamydia Can Settle in the Intestine,https://www.sciencedaily.com/releases/2024/08/240823120108.htm,,2024-08-23 00:00:00
bacteria,COPD and BPD: Inhalation of Live Lactobacilli Lessens Lung Inflammation and Improves Lung Function,https://www.sciencedaily.com/releases/2024/08/240821150004.htm,,2024-08-21 00:00:00
bacteria,Gut Bioelectricity Provides a Path for 'Bad' Bacteria to Cause Diseases,https://www.sciencedaily.com/releases/2024/08/240820221817.htm,,2024-08-20 00:00:00
bacteria,Hospital Bacteria Tracked Better Than Ever Before With New Technique,https://www.sciencedaily.com/releases/2024/08/240820221811.htm,"An article highlights new insights into the PARIS, an immune system that bacteria use to respond to viral ...",2024-08-20 00:00:00
bacteria,Mother's Gut Microbiome During Pregnancy Shapes Baby's Brain Development,https://www.sciencedaily.com/releases/2024/08/240820221803.htm,,2024-08-20 00:00:00
bacteria,How Early-Life Antibiotics Turn Immunity Into Allergy,https://www.sciencedaily.com/releases/2024/08/240820124553.htm,"Using evolution as a guiding principle, researchers have successfully engineered bacteria-yeast hybrids to perform photosynthetic carbon ...",2024-08-20 00:00:00
bacteria,Mining the Microbiome: Uncovering New Antibiotics Inside the Human Gut,https://www.sciencedaily.com/releases/2024/08/240819130513.htm,,2024-08-19 00:00:00
bacteria,Scientists Discover Superbug's Rapid Path to Antibiotic Resistance,https://www.sciencedaily.com/releases/2024/08/240815163630.htm,,2024-08-15 00:00:00
bacteria,Surprise Finding in Study of Environmental Bacteria Could Advance Search for Better Antibiotics,https://www.sciencedaily.com/releases/2024/08/240815124149.htm,Chlamydiae are sexually transmitted pathogens that can apparently survive in the human gut for a long ...,2024-08-15 00:00:00
bacteria,Hand Washing Is Important -- But Is Your Sink Clean?,https://www.sciencedaily.com/releases/2024/08/240814124618.htm,,2024-08-15 00:00:00
bacteria,A Taste for Carbon Dioxide,https://www.sciencedaily.com/releases/2024/08/240814170315.htm,"Researchers warn the animals we eat could be the gateway for a pandemic in the form of antimicrobial resistance, unleashing a wave of deadly superbugs. The World Health Organization estimates that ...",2024-08-14 00:00:00
bacteria,Hydrometeorology and Location Affect Hospitalizations for Waterborne Infectious Diseases in the US,https://www.sciencedaily.com/releases/2024/08/240814160658.htm,,2024-08-14 00:00:00
bacteria,Revealing the Mysteries Within Microbial Genomes,https://www.sciencedaily.com/releases/2024/08/240814124654.htm,"When you get infected with a virus, some of the first weapons your body deploys to fight it were passed down to us from our microbial ancestors billions of years ago. According to new research, two ...",2024-08-14 00:00:00
bacteria,"Could Manure and Compost Act Like Probiotics, Reducing Antibiotic Resistance in Urban Soils?",https://www.sciencedaily.com/releases/2024/08/240814124529.htm,,2024-08-14 00:00:00
bacteria,Newly Discovered Ability of Comammox Bacteria Could Help Reduce Nitrous Oxide Emissions in Agriculture,https://www.sciencedaily.com/releases/2024/08/240814124425.htm,"In preclinical models, the inhalation of a mixture of living Lactobacilli bacteria attenuated pulmonary inflammation and improved lung function and structure for the chronic lung diseases ...",2024-08-14 00:00:00
fungus,Researchers Help to Control Cancer-Causing Poison in Corn,https://www.sciencedaily.com/releases/2024/08/240815163610.htm,,2024-08-15 00:00:00
fungus,Glossy Black-Cockatoos Prefer the Fruits of Ancient Rocks,https://www.sciencedaily.com/releases/2024/08/240809135858.htm,"Fungi can transform plant and animal products into delicious foods like cheese, miso and beer. A researcher argues that a type of filamentous mold -- Neurospora intermedia -- could also turn food waste into culinary treats. Currently, only ...",2024-08-09 00:00:00
fungus,Pioneering the Cellular Frontier,https://www.sciencedaily.com/releases/2024/07/240723123351.htm,,2024-07-23 00:00:00
fungus,Genome Study Informs Restoration of American Chestnut Tree,https://www.sciencedaily.com/releases/2024/07/240722154954.htm,"Two recent amphibian-focused studies shed light on the ecological importance of red-backed salamanders, while confirming that proactive measures would prevent costly impacts from a wildlife disease ...",2024-07-22 00:00:00
fungus,Small Animals Acquire Genes from Bacteria That Can Produce Antibiotics,https://www.sciencedaily.com/releases/2024/07/240718124907.htm,,2024-07-18 00:00:00
fungus,A Stealth Fungus Has Decimated North American Bats but Scientists May Be a Step Closer to Treating White-Nose Syndrome,https://www.sciencedaily.com/releases/2024/07/240711215526.htm,"Tortilla chips and fresh salsa are tasty, but they could be even more appealing if you grow the ingredients yourself. Now, researchers report that some salsa ingredients -- cilantro, bell pepper and ...",2024-07-11 00:00:00
fungus,Cracking Open a Tasty Menu for Captive Marsupials to Sink Their Teeth Into,https://www.sciencedaily.com/releases/2024/07/240709121719.htm,,2024-07-09 00:00:00
fungus,Mapping the World's Fungi from Air Samples,https://www.sciencedaily.com/releases/2024/07/240711111508.htm,Researchers have demonstrated a promising sterilization technique that uses X-ray irradiation to reduce Aspergillus flavus viability in contaminated corn. This method achieves sterilization without ...,2024-07-11 00:00:00
fungus,Retreating Glaciers: Fungi Enhance Carbon Storage in Young Arctic Soils,https://www.sciencedaily.com/releases/2024/07/240703131819.htm,,2024-07-03 00:00:00
fungus,Shrinking Glaciers: Microscopic Fungi Enhance Soil Carbon Storage in New Landscapes Created by Shrinking Arctic Glaciers,https://www.sciencedaily.com/releases/2024/07/240701162209.htm,New research has shown that glossy black-cockatoos prefer to feed from trees growing in acidic ...,2024-07-01 00:00:00
fungus,Frog 'Saunas' a Lifeline for Endangered Frog Populations,https://www.sciencedaily.com/releases/2024/06/240626151905.htm,,2024-06-26 00:00:00
fungus,Blessing in Disguise: Mycoviruses Enhance Fungicide Effectiveness Against Plant Pathogens,https://www.sciencedaily.com/releases/2024/06/240619143629.htm,Scientists use a multimodal approach that combines hard X-ray computed tomography and X-ray fluorescence imaging to see the structure and chemical processes inside of a single ...,2024-06-19 00:00:00
fungus,"Mushroom Stump Waste Could Be Inexpensive, Healthy Chicken Feed Supplement",https://www.sciencedaily.com/releases/2024/06/240607121520.htm,,2024-06-07 00:00:00
fungus,Tropical Forests Adjust Strategies to Thrive Even When Soils Are Nutrient Poor,https://www.sciencedaily.com/releases/2024/06/240606152148.htm,Researchers use genomes to help restore the American chestnut population and adjust species breeding to the changing ...,2024-06-06 00:00:00
fungus,Experts Alert Doctors and the Public to the Arrival of Hard-to-Treat Fungal Skin Infections in the United States,https://www.sciencedaily.com/releases/2024/06/240605162746.htm,,2024-06-05 00:00:00
fungus,Bone Loss Drugs Can Help Azoles Fight Fungal Infections,https://www.sciencedaily.com/releases/2024/06/240605162456.htm,"A group of small, freshwater animals (bdelloid rotifers) protect themselves from infections using antibiotic recipes 'stolen' from bacteria, according to new research. This raises the potential that ...",2024-06-05 00:00:00
fungus,An Anti-Inflammatory Curbs Spread of Fungi Causing Serious Blood Infections,https://www.sciencedaily.com/releases/2024/06/240604184202.htm,,2024-06-04 00:00:00
fungus,Fungus Breaks Down Ocean Plastic,https://www.sciencedaily.com/releases/2024/06/240603114314.htm,An invasive fungus that colonizes the skin of hibernating bats with deadly consequences is a stealthy invader that uses multiple strategies to slip ...,2024-06-03 00:00:00
fungus,The World's Most Powerful Anti-Fungal Chemistries Cause Fungal Pathogens to Self-Destruct,https://www.sciencedaily.com/releases/2024/05/240531122524.htm,,2024-05-31 00:00:00
fungus,Orchids Support Seedlings Through 'Parental Nurture' Via Shared Underground Fungal Networks,https://www.sciencedaily.com/releases/2024/05/240529144112.htm,"From sifting through topsoil for native truffles to cracking open hard shells of seeds and nuts to munch on the tasty kernels, Australia bettongs and potoroos are described as 'ecosystem engineers' ...",2024-05-29 00:00:00
fungus,Exploring Diversity in Cell Division,https://www.sciencedaily.com/releases/2024/05/240522130501.htm,,2024-05-22 00:00:00
fungus,Researchers Find Unique Adaptations of Fungus Associated With Bee Bread,https://www.sciencedaily.com/releases/2024/05/240521124403.htm,"Researchers have found that the key to a quick and cost-effective mapping of biodiversity has been right in front of our eyes all along, but at the same time invisible -- i.e., in the air that ...",2024-05-21 00:00:00
fungus,Digging Up Good News for Microbial Studies,https://www.sciencedaily.com/releases/2024/05/240520155514.htm,,2024-05-20 00:00:00
fungus,Surprising Evolutionary Pattern in Yeast Study,https://www.sciencedaily.com/releases/2024/04/240426165028.htm,"Melting Arctic glaciers are in rapid recession, and microscopic pioneers colonize the new exposed landscapes. Researchers revealed that yeasts play an important role in soil formation in the ...",2024-04-26 00:00:00
fungus,Genetic Hope in Fight Against Devastating Wheat Disease,https://www.sciencedaily.com/releases/2024/04/240426110036.htm,,2024-04-26 00:00:00
fungus,Discovery Could End Global Amphibian Pandemic,https://www.sciencedaily.com/releases/2024/04/240403130611.htm,"Shrinking glaciers expose new land in the Arctic, creating unique ecosystems. Researchers studied how microbes colonize these barren landscapes. The study reveals a crucial role for specific fungal ...",2024-04-03 00:00:00
fungus,Researchers Discover Evolutionary 'Tipping Point' in Fungi,https://www.sciencedaily.com/releases/2024/03/240325112930.htm,,2024-03-25 00:00:00
fungus,Maize Genes Control Little Helpers in the Soil,https://www.sciencedaily.com/releases/2024/03/240321155315.htm,New biologist-designed shelters will help endangered frogs survive the devastating impacts of a deadly fungal disease by regulating their body temperature to fight off ...,2024-03-25 00:00:00
microbiology,Researchers Develop Tool That Measures Health of a Person's Gut Microbiome,https://www.sciencedaily.com/releases/2024/09/240903144815.htm,"New research has uncovered an extraordinary mechanism of cell division in Corynebacterium matruchotii, one of the most common bacteria living in dental plaque. The filamentous bacterium doesn't just ...",2024-09-03 00:00:00
prions,Chronic Wasting Disease Unlikely to Move from Animals to People,https://www.sciencedaily.com/releases/2024/05/240517164131.htm,,2024-05-17 00:00:00
prions,Drug Compounds to Combat Neurodegenerative Diseases,https://www.sciencedaily.com/releases/2024/05/240515122734.htm,"A new study of prion diseases, using a human cerebral organoid model, suggests there is a substantial species barrier preventing transmission of chronic wasting disease (CWD) from cervids -- deer, elk and moose -- to people. The findings are ...",2024-05-15 00:00:00
prions,Understanding Chronic Wasting Disease in Deer,https://www.sciencedaily.com/releases/2024/02/240212133131.htm,,2024-02-12 00:00:00
prions,Ticks May Be Able to Spread Chronic Wasting Disease Between Wisconsin Deer,https://www.sciencedaily.com/releases/2023/07/230707153844.htm,"Prions are the abnormal, pathogenic agents that are transmissible and are able to induce abnormal folding of specific normal cellular proteins. Prion disease is an umbrella term for a group of fatal and currently untreatable neurodegenerative ...",2023-07-07 00:00:00
prions,Creutzfeldt-Jakob Disease Treatment Shows Promising Early Results,https://www.sciencedaily.com/releases/2022/03/220317111917.htm,,2022-03-17 00:00:00
prions,Endangered Deer's Prion Gene Could Protect It from Chronic Wasting Disease,https://www.sciencedaily.com/releases/2021/11/211124154006.htm,"A new collaborative study analyzed fecal samples to shed light on how the fatal disease impacts the gut microbiome in deer, providing a promising tool for disease ...",2021-11-24 00:00:00
prions,How Proteins Help Yeast Adapt to Changing Conditions,https://www.sciencedaily.com/releases/2021/09/210921185141.htm,,2021-09-21 00:00:00
prions,New Study Reveals Mechanism for How Disease-Spreading Prions Can Jump from One Species to Another,https://www.sciencedaily.com/releases/2022/09/220912132337.htm,"A new study finds that ticks can harbor transmissible amounts of the protein particle that causes Chronic Wasting Disease (CWD), implicating the parasites as possible agents in the disease's spread between deer in ...",2022-09-12 00:00:00
viruses,Study Reveals Oleoyl-ACP-Hydrolase Underpins Lethal Respiratory Viral Disease,https://www.sciencedaily.com/releases/2024/08/240812160250.htm,,2024-08-12 00:00:00
viruses,New Two-Step Flu Vaccine Strategy Shows Promise in Pig Model,https://www.sciencedaily.com/releases/2024/08/240809135948.htm,"An article highlights new insights into the PARIS, an immune system that bacteria use to respond to viral ...",2024-08-09 00:00:00
viruses,"The Threat of Mpox Has Returned, but Public Knowledge About It Has Declined",https://www.sciencedaily.com/releases/2024/08/240811233340.htm,,2024-08-11 00:00:00
viruses,3D Bioprinting Advances Research on Respiratory Viruses,https://www.sciencedaily.com/releases/2024/08/240808115303.htm,,2024-08-08 00:00:00
viruses,Microscopy Technique 'Paves Way' for Improving Understanding of Cellular Functions,https://www.sciencedaily.com/releases/2024/08/240808115247.htm,"Honey bees may play a role in increasing virus levels in wild bumble bees each spring, according to researchers who analyzed seasonal trends of parasite and virus transmission in ...",2024-08-08 00:00:00
viruses,Recurrent Wheezing in Children Linked to 'Silent' Viral Infections,https://www.sciencedaily.com/releases/2024/08/240808115221.htm,,2024-08-08 00:00:00
viruses,Why Virus Causing Cold Sores Does Not Spread to Devastating Brain Infection,https://www.sciencedaily.com/releases/2024/08/240805134157.htm,"A new animal study shows that exposure to immune-stimulating proteins left behind by COVID-19 leads to lower cortisol, brain inflammation and a ...",2024-08-05 00:00:00
viruses,Discovery of a New Population of Macrophages Promoting Lung Repair After Viral Infections,https://www.sciencedaily.com/releases/2024/08/240802144601.htm,,2024-08-02 00:00:00
viruses,Coinfecting Viruses Impede Each Other's Ability to Enter Cells,https://www.sciencedaily.com/releases/2024/08/240802132947.htm,The avian influenza virus needs to mutate to cross the species barrier and to infect and replicate within mammalian cells. Scientists have now deciphered the structure of the avian influenza virus's ...,2024-08-02 00:00:00
viruses,"Genetic Signatures of Domestication Identified in Pigs, Chickens",https://www.sciencedaily.com/releases/2024/08/240802132847.htm,,2024-08-02 00:00:00
viruses,Novel Nanosensing Technique for Quality Control of Viral Vectors in Gene Therapy,https://www.sciencedaily.com/releases/2024/08/240801121855.htm,"Respiratory infections can be severe, even deadly, in some individuals, but not in others. Scientists have gained new understanding of why this is ...",2024-08-01 00:00:00
viruses,"Nasal COVID-19 Vaccine Halts Transmission, Animal Study Finds",https://www.sciencedaily.com/releases/2024/07/240731170756.htm,,2024-07-31 00:00:00
viruses,Scientists Capture Immune Cells Hidden in Nasal Passages,https://www.sciencedaily.com/releases/2024/07/240731140928.htm,"A new, two-step flu vaccination strategy that pairs intramuscular injection of a viral vectored flu vaccine with nasal spray administration of a novel attenuated live flu virus appears to be safe and ...",2024-07-31 00:00:00
viruses,What Shapes a Virus's Pandemic Potential? SARS-CoV-2 Relatives Yield Clues,https://www.sciencedaily.com/releases/2024/07/240730134823.htm,,2024-07-30 00:00:00
viruses,New Progress in Research Into Malignant Catarrhal Fever in Cattle,https://www.sciencedaily.com/releases/2024/07/240729173334.htm,,2024-07-29 00:00:00
viruses,"Virus That Causes COVID-19 Is Widespread in Wildlife, Scientists Find",https://www.sciencedaily.com/releases/2024/07/240729104219.htm,A 'loopy' discovery in bacteria is raising fundamental questions about the makeup of our own genome -- and revealing a potential wellspring of material for new genetic ...,2024-07-29 00:00:00
viruses,Seven Steps to Achieving the Right to Clean Indoor Air Post-Pandemic,https://www.sciencedaily.com/releases/2024/07/240725154559.htm,,2024-07-26 00:00:00
viruses,New Drug Shows Promise in Clearing HIV from Brain,https://www.sciencedaily.com/releases/2024/07/240725193914.htm,Researchers develop a microstructured 'artificial lung' model using bioprinting ...,2024-07-25 00:00:00
biology,Kidney Disease in Cats: High-Quality Feline iPSCs Generated Without Genetic Footprint,https://www.sciencedaily.com/releases/2024/09/240904131010.htm,,2024-09-04 00:00:00
biology,Investigational Mpox mRNA Vaccine Reduces Disease Severity in Primates Compared to Available Vaccines,https://www.sciencedaily.com/releases/2024/09/240904130825.htm,High-quality feline induced pluripotent stem cells (iPSCs) have now been generated. The feline iPSCs are also footprint- and feeder-free. Further research using these stem cells is expected to ...,2024-09-04 00:00:00
biology,New Species of Paua (Abalone) Found,https://www.sciencedaily.com/releases/2024/09/240903170750.htm,,2024-09-03 00:00:00
biology,Blood Stem Cell Breakthrough Could Transform Bone Marrow Transplants,https://www.sciencedaily.com/releases/2024/09/240902111756.htm,"The most frequently used mpox vaccine provides partial immunity to the disease but isn't always able to prevent severe symptoms or disease transmission. A new vaccine candidate from Moderna, ...",2024-09-02 00:00:00
biology,At-Risk Butterflies More Likely to Survive With Human Help,https://www.sciencedaily.com/releases/2024/09/240904131019.htm,,2024-09-04 00:00:00
biology,Mathematicians Model a Puzzling Breakdown in Cooperative Behavior,https://www.sciencedaily.com/releases/2024/09/240903144912.htm,Biologists have discovered a new species of paua mollusk (also known as abalone) off New ...,2024-09-03 00:00:00
biology,How Zebrafish Map Their Environment,https://www.sciencedaily.com/releases/2024/09/240903144910.htm,,2024-09-03 00:00:00
biology,Agriculture Accelerated Human Genome Evolution to Capture Energy from Starchy Foods,https://www.sciencedaily.com/releases/2024/09/240904141503.htm,Researchers have made a world first breakthrough into creating blood stem cells that closely resemble those in the human body. And the discovery could soon lead to personalized treatments for children with leukemia and bone marrow failure ...,2024-09-04 00:00:00
biology,"Researchers Identify Mechanism Underlying Allergic Itching, and Show It Can Be Blocked",https://www.sciencedaily.com/releases/2024/09/240904131044.htm,,2024-09-04 00:00:00
biology,Newly Discovered Gene May Influence Longevity,https://www.sciencedaily.com/releases/2024/09/240904130839.htm,"Some of the butterflies most in danger of fluttering out of existence fare better when their habitats are actively managed by humans, a recent study found. Scientists have long warned that insect ...",2024-09-04 00:00:00
biology,Novel Immunotherapy Improves Recovery from Spinal Cord Injury,https://www.sciencedaily.com/releases/2024/09/240904130812.htm,,2024-09-04 00:00:00
biology,Infertility Challenges Amongst Endangered Wild Songbird Population Revealed in New Study,https://www.sciencedaily.com/releases/2024/09/240903144854.htm,"A model developed by evolutionary mathematicians shows that as conditions for cooperation improve between two species, mutually beneficial behavior can unexpectedly become unbalanced. Cooperative ...",2024-09-03 00:00:00
biology,New Species of Antarctic Dragonfish Highlights Its Threatened Ecosystem,https://www.sciencedaily.com/releases/2024/08/240830164202.htm,,2024-08-30 00:00:00
biology,Open Wide: Human Mouth Bacteria Reproduce Through Rare Form of Cell Division,https://www.sciencedaily.com/releases/2024/09/240902200805.htm,"Researchers are turning to zebrafish to unlock the secrets of place cells, which play a crucial role in forming mental maps of space, social networks, and abstract relationships. Until now, place ...",2024-09-02 00:00:00
biology,50-Year Generation Gap in Minnesota's Longest-Lived Fish,https://www.sciencedaily.com/releases/2024/09/240903144838.htm,,2024-09-03 00:00:00
biology,Researchers Give Adult Zebra Finches Back Their Ability to Learn New Songs,https://www.sciencedaily.com/releases/2024/09/240903144452.htm,"Scientists have suspected that modern humans have more genes to digest starch than our hunter-gatherer ancestors, but the amylase locus of the genome ...",2024-09-03 00:00:00
biology,Genomic Dark Matter Solves Butterfly Evolutionary Riddle,https://www.sciencedaily.com/releases/2024/08/240830164205.htm,,2024-08-30 00:00:00
biology,Upcycling Excess Carbon Dioxide With Tiny Microbes,https://www.sciencedaily.com/releases/2024/08/240830110911.htm,"Researchers identified a mechanism for why some people will itch from an allergen or mosquito bite exposure, while others will not in a new study, ...",2024-08-30 00:00:00
biology,AI Tool Maps out Cell Metabolism With Precision,https://www.sciencedaily.com/releases/2024/08/240830110750.htm,,2024-08-30 00:00:00
biology,TB Under the Sea: A Marine Sponge Microbe Provides Insights Into the Evolution of Tuberculosis,https://www.sciencedaily.com/releases/2024/08/240829140836.htm,"It turns out that a particular gene has a great influence on longevity, a new study concludes. This may pave the way for new ...",2024-08-30 00:00:00
biology,"Number of Fish Species at Risk of Extinction Fivefold Higher Than Previous Estimates, According to a New Prediction",https://www.sciencedaily.com/releases/2024/08/240829140816.htm,,2024-08-29 00:00:00
biology,Scientists Discover How Starfish Get 'Legless',https://www.sciencedaily.com/releases/2024/08/240829132542.htm,"Researchers have designed, in mice, an approach to minimizing the damage from a spinal cord injury through the use of engineered immune cells. Mice given the treatment had improved recovery from ...",2024-08-29 00:00:00
biology,A Groundbreaking Study Describes a New Molecular Pathway Involved in the Control of Reproduction,https://www.sciencedaily.com/releases/2024/08/240829132506.htm,,2024-08-29 00:00:00
biology,How Cells Use Condensation to Seal Tissues Tight,https://www.sciencedaily.com/releases/2024/08/240829132451.htm,A groundbreaking study has provided the most comprehensive estimate to date of infertility rates in a threatened wild animal ...,2024-08-29 00:00:00
biology,Seeing the Future: Zebrafish Regenerates Fully Functional Photoreceptor Cells and Restores Its Vision,https://www.sciencedaily.com/releases/2024/08/240829132448.htm,,2024-08-29 00:00:00
biology,Land-Sea 'Tag-Team' Devastated Ocean Life Millions of Years Ago Reveal Scientists,https://www.sciencedaily.com/releases/2024/08/240829132440.htm,"A new species of Antarctic dragonfish, Akarotaxis gouldae or Banded Dragonfish, has been discovered in waters off the western Antarctic Peninsula. The species, named in honor of the recently ...",2024-08-29 00:00:00
biology,Climate Change Increases Foodborne Illness Risk from Raw Produce,https://www.sciencedaily.com/releases/2024/08/240829132359.htm,,2024-08-29 00:00:00
biology,What's in the Microbiome of the Foods We Eat?,https://www.sciencedaily.com/releases/2024/08/240829131620.htm,"New research has uncovered an extraordinary mechanism of cell division in Corynebacterium matruchotii, one of the most common bacteria living in ...",2024-08-29 00:00:00
biology,How Beetle Juice Led to the Discovery of a Virus and Solved the Mystery of a Superworm Die-Off,https://www.sciencedaily.com/releases/2024/08/240828224243.htm,,2024-08-28 00:00:00
biology,Plant Signaling Pathways Decoded,https://www.sciencedaily.com/releases/2024/08/240828155037.htm,"The bigmouth buffalo is a fish that's native to Minnesota and known for its longevity. Researchers wanted to find out more about the species, especially how they migrate, spawn, and how often ...",2024-08-28 00:00:00
biology,'Silent' Mutations Found to Have Repercussions Beyond Their Own Gene,https://www.sciencedaily.com/releases/2024/08/240828155006.htm,,2024-08-28 00:00:00
biology,Bacterial Cells Transmit Memories to Offspring,https://www.sciencedaily.com/releases/2024/08/240828154929.htm,"We all know the adage, 'You can't teach an old dog new tricks.' As we age, our ability to learn new skills, like mastering a foreign language or picking up a musical instrument, seems ...",2024-08-28 00:00:00
biology,"Study Reveals Isolation, Endogamy and Pathogens in Early Medieval Spanish Community",https://www.sciencedaily.com/releases/2024/08/240828154921.htm,,2024-08-28 00:00:00
biology,Bats Are Surviving and Thriving on Nothing but Sugar,https://www.sciencedaily.com/releases/2024/08/240828114412.htm,"Researchers have uncovered a surprising genetic mechanism that influences the vibrant and complex patterns on butterfly wings. The team discovered that an RNA molecule, rather than a protein as ...",2024-08-28 00:00:00
